{
  "qwen3.5:0.8b": {
    "tps": 86.70799703527905,
    "duration": 19.91742467880249,
    "tokens": 1727
  },
  "qwen3.5:4b": {
    "tps": 4.586658608366961,
    "duration": 23.328529357910156,
    "tokens": 107
  },
  "qwen3.5:9b": {
    "tps": 5.276989533507907,
    "duration": 66.89420127868652,
    "tokens": 353
  }
}